<?xml version="1.0"?>

<ownershipDocument>

    <schemaVersion>X0201</schemaVersion>

    <documentType>4</documentType>

    <periodOfReport>2003-12-17</periodOfReport>


    <notSubjectToSection16>0</notSubjectToSection16>

    <issuer>
        <issuerCik>0001019695</issuerCik>
        <issuerName>ARQULE INC</issuerName>
        <issuerTradingSymbol>ARQL</issuerTradingSymbol>
    </issuer>

    <reportingOwner>
        <reportingOwnerId>
            <rptOwnerCik>0000078003</rptOwnerCik>
            <rptOwnerName>PFIZER INC</rptOwnerName>
        </reportingOwnerId>
        <reportingOwnerAddress>
            <rptOwnerStreet1>235 E 42ND ST</rptOwnerStreet1>
            <rptOwnerStreet2></rptOwnerStreet2>
            <rptOwnerCity>NEW YORK</rptOwnerCity>
            <rptOwnerState>NY</rptOwnerState>
            <rptOwnerZipCode>10017</rptOwnerZipCode>
            <rptOwnerStateDescription></rptOwnerStateDescription>
        </reportingOwnerAddress>
        <reportingOwnerRelationship>
            <isDirector>0</isDirector>
            <isOfficer>0</isOfficer>
            <isTenPercentOwner>1</isTenPercentOwner>
            <isOther>0</isOther>
        </reportingOwnerRelationship>
    </reportingOwner>

    <nonDerivativeTable>

        <nonDerivativeTransaction>
            <securityTitle>
                <value>Common stock</value>
            </securityTitle>
            <transactionDate>
                <value>2003-12-17</value>
            </transactionDate>
            <transactionCoding>
                <transactionFormType>4</transactionFormType>
                <transactionCode>J</transactionCode>
                <equitySwapInvolved>0</equitySwapInvolved>
                <footnoteId id="F1"/>
            </transactionCoding>
            <transactionTimeliness>
                <value></value>
            </transactionTimeliness>
            <transactionAmounts>
                <transactionShares>
                    <value>645162</value>
                </transactionShares>
                <transactionPricePerShare>
                    <value>2.67</value>
                </transactionPricePerShare>
                <transactionAcquiredDisposedCode>
                    <value>A</value>
                </transactionAcquiredDisposedCode>
            </transactionAmounts>
            <postTransactionAmounts>
                <sharesOwnedFollowingTransaction>
                    <value>3273679</value>
                </sharesOwnedFollowingTransaction>
            </postTransactionAmounts>
            <ownershipNature>
                <directOrIndirectOwnership>
                    <value>I</value>
                </directOrIndirectOwnership>
                <natureOfOwnership>
                    <value>By Subsidiary</value>
                    <footnoteId id="F2"/>
                </natureOfOwnership>
            </ownershipNature>
        </nonDerivativeTransaction>

    </nonDerivativeTable>

    <footnotes>
        <footnote id="F1">Shares acquired directly from ArQule as an additional equity investment.</footnote>
        <footnote id="F2">Joint Filer Information
Name: Pfizer Holdings Europe
Address: La Touche House - International Financial Services Centre - Dublin 1, Ireland
Designated Filer: Pfizer Inc.
Issuer and Ticker Symbol: ArQule, Inc. (ARQL)
Date of Event Requiring Statement: December 17, 2003.
Signature: Pfizer Holdings Europe


Signature of Reporting Person: /s/ Brian G. Byala, Director
Date: December 17, 2003</footnote>
    </footnotes>


    <ownerSignature>
        <signatureName>/s/ Pfizer Inc. by Lawrence A. Fox, Assistant Secretary</signatureName>
        <signatureDate>2003-12-19</signatureDate>
    </ownerSignature>

</ownershipDocument>