<?xml version="1.0"?>

<ownershipDocument>

    <documentType>4</documentType>

    <periodOfReport>2003-05-12</periodOfReport>


    <notSubjectToSection16>0</notSubjectToSection16>

    <issuer>
        <issuerCik>0000078003</issuerCik>
        <issuerName>PFIZER INC</issuerName>
        <issuerTradingSymbol>PFE</issuerTradingSymbol>
    </issuer>

    <reportingOwner>
        <reportingOwnerId>
            <rptOwnerCik>0001033870</rptOwnerCik>
            <rptOwnerName>STEERE WILLIAM C JR</rptOwnerName>
        </reportingOwnerId>
        <reportingOwnerAddress>
            <rptOwnerStreet1>  </rptOwnerStreet1>
            <rptOwnerStreet2>  </rptOwnerStreet2>
            <rptOwnerCity>  </rptOwnerCity>
            <rptOwnerState>  </rptOwnerState>
            <rptOwnerZipCode>  </rptOwnerZipCode>
        </reportingOwnerAddress>
        <reportingOwnerRelationship>
            <isDirector>1</isDirector>
            <isOfficer>0</isOfficer>
            <isTenPercentOwner>0</isTenPercentOwner>
            <isOther>0</isOther>
        </reportingOwnerRelationship>
    </reportingOwner>

    <nonDerivativeSecurity>
        <securityTitle>
            <value>Common Stock</value>
        </securityTitle>
        <transactionDate>
            <value>2003-05-12</value>
        </transactionDate>
        <transactionCoding>
            <transactionFormType>5</transactionFormType>
            <transactionCode>G</transactionCode>
            <equitySwapInvolved>0</equitySwapInvolved>
        </transactionCoding>
        <transactionTimeliness>
            <value>E</value>
        </transactionTimeliness>
        <transactionAmounts>
            <transactionShares>
                <value>51800</value>
            </transactionShares>
            <transactionValue>
                <value>0</value>
            </transactionValue>
            <transactionAcquiredDisposedCode>
                <value>D</value>
            </transactionAcquiredDisposedCode>
        </transactionAmounts>
        <postTransactionAmounts>
            <sharesOwnedFollowingTransaction>
                <value>1978612</value>
                <footnoteId id="F1"/>
            </sharesOwnedFollowingTransaction>
        </postTransactionAmounts>
        <ownershipNature>
            <directOrIndirectOwnership>
                <value>D</value>
            </directOrIndirectOwnership>
        </ownershipNature>
    </nonDerivativeSecurity>

    <footnotes>
        <footnote id="F1">Common Stock held indirectly, as to which beneficial ownership is disclaimed: 4,936 shares held by Spouse, 331,402 shares held by Trusts.  In accordance with provisions of a Grantor Retained Annuity Trust (GRAT), since the reporting person's last report, 200,000 shares previously owned directly have been contributed to a &quot;GRAT&quot;.</footnote>
    </footnotes>

    <ownerSignature>
        <signatureName>Lawrence A. Fox, by power of atty.</signatureName>
        <signatureDate>2003-05-15</signatureDate>
    </ownerSignature>

</ownershipDocument>