<?xml version="1.0"?>
<ownershipDocument>

    <schemaVersion>X0201</schemaVersion>

    <documentType>4</documentType>

    <periodOfReport>2004-03-26</periodOfReport>

    <notSubjectToSection16>0</notSubjectToSection16>

    <issuer>
        <issuerCik>0000078003</issuerCik>
        <issuerName>PFIZER INC</issuerName>
        <issuerTradingSymbol>PFE</issuerTradingSymbol>
    </issuer>

    <reportingOwner>
        <reportingOwnerId>
            <rptOwnerCik>0001033869</rptOwnerCik>
            <rptOwnerName>VALLES JEAN PAUL</rptOwnerName>
        </reportingOwnerId>
        <reportingOwnerAddress>
            <rptOwnerStreet1>PFIZER INC.    ATT:  CORPORATE SECRETARY</rptOwnerStreet1>
            <rptOwnerStreet2>235 EAST 42ND STREET</rptOwnerStreet2>
            <rptOwnerCity>NEW YORK</rptOwnerCity>
            <rptOwnerState>NY</rptOwnerState>
            <rptOwnerZipCode>10017</rptOwnerZipCode>
            <rptOwnerStateDescription></rptOwnerStateDescription>
        </reportingOwnerAddress>
        <reportingOwnerRelationship>
            <isDirector>1</isDirector>
            <isOfficer>0</isOfficer>
            <isTenPercentOwner>0</isTenPercentOwner>
            <isOther>0</isOther>
        </reportingOwnerRelationship>
    </reportingOwner>

    <derivativeTable>
        <derivativeTransaction>
            <securityTitle>
                <value>Phantom Stock Units</value>
            </securityTitle>
            <conversionOrExercisePrice>
                <value>0.00</value>
                <footnoteId id="F1"/>
            </conversionOrExercisePrice>
            <transactionDate>
                <value>2004-03-26</value>
            </transactionDate>
            <deemedExecutionDate></deemedExecutionDate>
            <transactionCoding>
                <transactionFormType>4</transactionFormType>
                <transactionCode>A</transactionCode>
                <equitySwapInvolved>0</equitySwapInvolved>
            </transactionCoding>
            <transactionAmounts>
                <transactionShares>
                    <value>938</value>
                </transactionShares>
                <transactionPricePerShare>
                    <value>34.29</value>
                </transactionPricePerShare>
                <transactionAcquiredDisposedCode>
                    <value>A</value>
                </transactionAcquiredDisposedCode>
            </transactionAmounts>
            <exerciseDate>
                <footnoteId id="F2"/>
            </exerciseDate>
            <expirationDate>
                <footnoteId id="F2"/>
            </expirationDate>
            <underlyingSecurity>
                <underlyingSecurityTitle>
                    <value>Common Stock</value>
                </underlyingSecurityTitle>
                <underlyingSecurityShares>
                    <value>938</value>
                </underlyingSecurityShares>
            </underlyingSecurity>
            <postTransactionAmounts>
                <sharesOwnedFollowingTransaction>
                    <value>94267</value>
                </sharesOwnedFollowingTransaction>
            </postTransactionAmounts>
            <ownershipNature>
                <directOrIndirectOwnership>
                    <value>D</value>
                </directOrIndirectOwnership>
                <natureOfOwnership>
                    <value></value>
                </natureOfOwnership>
            </ownershipNature>
        </derivativeTransaction>
    </derivativeTable>

    <footnotes>
        <footnote id="F1">Each unit represents one phantom share of common stock.</footnote>
        <footnote id="F2">These units represent deferred director's compensation (including dividend equivalents thereon)  that are settled in cash following the reporting person's retirement from the Board of Directors.</footnote>
    </footnotes>

    <remarks></remarks>

    <ownerSignature>
        <signatureName>By: Lawrence A. Fox, by power of atty.</signatureName>
        <signatureDate>2004-03-30</signatureDate>
    </ownerSignature>
</ownershipDocument>