<?xml version="1.0"?>
<ownershipDocument>

    <schemaVersion>X0201</schemaVersion>

    <documentType>4</documentType>

    <periodOfReport>2003-08-20</periodOfReport>

    <notSubjectToSection16>0</notSubjectToSection16>

    <issuer>
        <issuerCik>0000078003</issuerCik>
        <issuerName>PFIZER INC</issuerName>
        <issuerTradingSymbol>PFE</issuerTradingSymbol>
    </issuer>

    <reportingOwner>
        <reportingOwnerId>
            <rptOwnerCik>0001176311</rptOwnerCik>
            <rptOwnerName>HARDWICK CHARLES L</rptOwnerName>
        </reportingOwnerId>
        <reportingOwnerAddress>
            <rptOwnerStreet1>PFIZER INC.    ATT:  CORPORATE SECRETARY</rptOwnerStreet1>
            <rptOwnerStreet2>235 EAST 42ND STREET</rptOwnerStreet2>
            <rptOwnerCity>NEW YORK</rptOwnerCity>
            <rptOwnerState>NY</rptOwnerState>
            <rptOwnerZipCode>10017</rptOwnerZipCode>
            <rptOwnerStateDescription></rptOwnerStateDescription>
        </reportingOwnerAddress>
        <reportingOwnerRelationship>
            <isDirector>0</isDirector>
            <isOfficer>1</isOfficer>
            <isTenPercentOwner>0</isTenPercentOwner>
            <isOther>0</isOther>
            <officerTitle>Senior Vice President</officerTitle>
        </reportingOwnerRelationship>
    </reportingOwner>

    <nonDerivativeTable>
        <nonDerivativeTransaction>
            <securityTitle>
                <value>Common Stock</value>
                <footnoteId id="F1"/>
            </securityTitle>
            <transactionDate>
                <value>2003-08-20</value>
            </transactionDate>
            <deemedExecutionDate></deemedExecutionDate>
            <transactionCoding>
                <transactionFormType>4</transactionFormType>
                <transactionCode>S</transactionCode>
                <equitySwapInvolved>0</equitySwapInvolved>
            </transactionCoding>
            <transactionAmounts>
                <transactionShares>
                    <value>61</value>
                </transactionShares>
                <transactionPricePerShare>
                    <value>30.91</value>
                </transactionPricePerShare>
                <transactionAcquiredDisposedCode>
                    <value>D</value>
                </transactionAcquiredDisposedCode>
            </transactionAmounts>
            <postTransactionAmounts>
                <sharesOwnedFollowingTransaction>
                    <value>20736</value>
                </sharesOwnedFollowingTransaction>
            </postTransactionAmounts>
            <ownershipNature>
                <directOrIndirectOwnership>
                    <value>D</value>
                </directOrIndirectOwnership>
                <natureOfOwnership>
                    <value></value>
                </natureOfOwnership>
            </ownershipNature>
        </nonDerivativeTransaction>
        <nonDerivativeHolding>
            <securityTitle>
                <value>Common Stock</value>
            </securityTitle>
            <postTransactionAmounts>
                <sharesOwnedFollowingTransaction>
                    <value>40441</value>
                </sharesOwnedFollowingTransaction>
            </postTransactionAmounts>
            <ownershipNature>
                <directOrIndirectOwnership>
                    <value>I</value>
                </directOrIndirectOwnership>
                <natureOfOwnership>
                    <value>By Rule 16b-3 Plan</value>
                </natureOfOwnership>
            </ownershipNature>
        </nonDerivativeHolding>
    </nonDerivativeTable>

    <footnotes>
        <footnote id="F1">This sale was effected by Mr. Hardwick's portfolio manager without his prior knowledge and contrary to written instructions to the portfolio manager not to trade in Pfizer securities on Mr. Hardwick's behalf.</footnote>
    </footnotes>

    <remarks></remarks>

    <ownerSignature>
        <signatureName>By: Lawrence A. Fox, by power of atty.</signatureName>
        <signatureDate>2004-03-03</signatureDate>
    </ownerSignature>
</ownershipDocument>