<?xml version="1.0"?>
<ownershipDocument>
    <schemaVersion>X0101</schemaVersion>

    <documentType>4</documentType>
	<periodOfReport>2003-04-16</periodOfReport>
	<notSubjectToSection16>0</notSubjectToSection16>
    <issuer>
        <issuerCik>0000078003</issuerCik>
        <issuerName>PFIZER INC</issuerName>
        <issuerTradingSymbol>PFE</issuerTradingSymbol>
	</issuer>
	<reportingOwner>
		<reportingOwnerId>
            <rptOwnerCik>0001174482</rptOwnerCik>
            <rptOwnerName>MEAD DANA G</rptOwnerName>
        </reportingOwnerId>
        <reportingOwnerAddress>
            <rptOwnerStreet1>  </rptOwnerStreet1>
            <rptOwnerStreet2>  </rptOwnerStreet2>
            <rptOwnerCity>  </rptOwnerCity>
            <rptOwnerState>  </rptOwnerState>
            <rptOwnerZipCode>  </rptOwnerZipCode>
        </reportingOwnerAddress>
            <reportingOwnerRelationship>
			<isDirector>1</isDirector>
			<isOfficer>0</isOfficer>
			<isTenPercentOwner>0</isTenPercentOwner>
			<isOther>0</isOther>
		</reportingOwnerRelationship>
	</reportingOwner>
	<nonDerivativeSecurity>
		<securityTitle>
			<value>Common Stock</value>
		</securityTitle>
		<transactionDate>
			<value>2003-04-16</value>
		</transactionDate>
		<transactionCoding>
			<transactionFormType>4</transactionFormType>
			<transactionCode>J</transactionCode>
			<equitySwapInvolved>0</equitySwapInvolved>
			<footnoteId id="F1"/>
		</transactionCoding>
		<transactionAmounts>
			<transactionShares>
				<value>350</value>
			</transactionShares>
			<transactionValue>
				<value>0</value>
				<footnoteId id="F1"/>
			</transactionValue>
			<transactionAcquiredDisposedCode>
				<value>A</value>
			</transactionAcquiredDisposedCode>
		</transactionAmounts>
		<postTransactionAmounts>
			<sharesOwnedFollowingTransaction>
				<value>9350</value>
			</sharesOwnedFollowingTransaction>
		</postTransactionAmounts>
		<ownershipNature>
			<directOrIndirectOwnership>
				<value>D</value>
			</directOrIndirectOwnership>
			<natureOfOwnership>
				<value/>
			</natureOfOwnership>
		</ownershipNature>
	</nonDerivativeSecurity>
	<footnotes>
		<footnote id="F1">Received, in connection with the acquisition of Pharmacia Corporation by Pfizer Inc. (the Aquisition), in exchange for 250 shares of Pharmacia Common Stock.  On the effective date of the Acquisition, April 16, 2003, each share of Pharmacia common stock was exchanged for 1.4 shares of Pfizer common stock.</footnote>
	</footnotes>
	<ownerSignature>
		<signatureName>By: Lawrence A. Fox, by power of atty.</signatureName>
		<signatureDate>2003-05-22</signatureDate>
	</ownerSignature>
</ownershipDocument>