<?xml version="1.0"?>
<ownershipDocument>
    <schemaVersion>X0201</schemaVersion>

    <documentType>4</documentType>
	<periodOfReport>2003-10-06</periodOfReport>
	<notSubjectToSection16>0</notSubjectToSection16>
    <issuer>
        <issuerCik>0000078003</issuerCik>
        <issuerName>PFIZER INC</issuerName>
        <issuerTradingSymbol>PFE</issuerTradingSymbol>
	</issuer>
	<reportingOwner>
        <reportingOwnerId>
            <rptOwnerCik>0001176312</rptOwnerCik>
            <rptOwnerName>CORR PETER B</rptOwnerName>
        </reportingOwnerId>
        <reportingOwnerAddress>
            <rptOwnerStreet1>PFIZER INC.    ATT:  CORPORATE SECRETARY</rptOwnerStreet1>
            <rptOwnerStreet2>235 EAST 42ND STREET</rptOwnerStreet2>
            <rptOwnerCity>NEW YORK</rptOwnerCity>
            <rptOwnerState>NY</rptOwnerState>
            <rptOwnerZipCode>10017</rptOwnerZipCode>
            <rptOwnerStateDescription></rptOwnerStateDescription>
        </reportingOwnerAddress>
            <reportingOwnerRelationship>
			<isDirector>0</isDirector>
			<isOfficer>1</isOfficer>
			<isTenPercentOwner>0</isTenPercentOwner>
			<isOther>0</isOther>
			<officerTitle>Senior Vice President</officerTitle>
		</reportingOwnerRelationship>
	</reportingOwner>
	<nonDerivativeTable>
		<nonDerivativeTransaction>
			<securityTitle>
				<value>Common Stock</value>
			</securityTitle>
			<transactionDate>
				<value>2003-10-06</value>
			</transactionDate>
			<deemedExecutionDate>
			</deemedExecutionDate>
			<transactionCoding>
				<transactionFormType>4</transactionFormType>
				<transactionCode>M</transactionCode>
				<equitySwapInvolved>0</equitySwapInvolved>
			</transactionCoding>
			<transactionAmounts>
				<transactionShares>
					<value>20109</value>
				</transactionShares>
				<transactionPricePerShare>
					<value>22.77</value>
				</transactionPricePerShare>
				<transactionAcquiredDisposedCode>
					<value>A</value>
				</transactionAcquiredDisposedCode>
			</transactionAmounts>
			<postTransactionAmounts>
				<sharesOwnedFollowingTransaction>
					<value>119591</value>
				</sharesOwnedFollowingTransaction>
			</postTransactionAmounts>
			<ownershipNature>
				<directOrIndirectOwnership>
					<value>D</value>
				</directOrIndirectOwnership>
				<natureOfOwnership>
					<value/>
				</natureOfOwnership>
			</ownershipNature>
		</nonDerivativeTransaction>
		<nonDerivativeTransaction>
			<securityTitle>
				<value>Common Stock</value>
			</securityTitle>
			<transactionDate>
				<value>2003-10-06</value>
			</transactionDate>
			<deemedExecutionDate>
			</deemedExecutionDate>
			<transactionCoding>
				<transactionFormType>4</transactionFormType>
				<transactionCode>F</transactionCode>
				<equitySwapInvolved>0</equitySwapInvolved>
			</transactionCoding>
			<transactionAmounts>
				<transactionShares>
					<value>1597</value>
				</transactionShares>
				<transactionPricePerShare>
					<value>30.82</value>
				</transactionPricePerShare>
				<transactionAcquiredDisposedCode>
					<value>D</value>
				</transactionAcquiredDisposedCode>
			</transactionAmounts>
			<postTransactionAmounts>
				<sharesOwnedFollowingTransaction>
					<value>117994</value>
				</sharesOwnedFollowingTransaction>
			</postTransactionAmounts>
			<ownershipNature>
				<directOrIndirectOwnership>
					<value>D</value>
				</directOrIndirectOwnership>
				<natureOfOwnership>
					<value/>
				</natureOfOwnership>
			</ownershipNature>
		</nonDerivativeTransaction>
		<nonDerivativeHolding>
			<securityTitle>
				<value>Common Stock</value>
			</securityTitle>
			<postTransactionAmounts>
				<sharesOwnedFollowingTransaction>
					<value>907</value>
				</sharesOwnedFollowingTransaction>
			</postTransactionAmounts>
			<ownershipNature>
				<directOrIndirectOwnership>
					<value>I</value>
				</directOrIndirectOwnership>
				<natureOfOwnership>
					<value>By Rule 16b-3 Plan</value>
				</natureOfOwnership>
			</ownershipNature>
		</nonDerivativeHolding>
	</nonDerivativeTable>
	<derivativeTable>
		<derivativeTransaction>
			<securityTitle>
				<value>Employee Stock Option (right to buy)</value>
			</securityTitle>
			<conversionOrExercisePrice>
				<value>22.77</value>
			</conversionOrExercisePrice>
			<transactionDate>
				<value>2003-10-06</value>
			</transactionDate>
			<deemedExecutionDate>
			</deemedExecutionDate>
			<transactionCoding>
				<transactionFormType>4</transactionFormType>
				<transactionCode>M</transactionCode>
				<equitySwapInvolved>0</equitySwapInvolved>
			</transactionCoding>
			<transactionAmounts>
				<transactionShares>
					<value>20109</value>
				</transactionShares>
				<transactionPricePerShare>
					<value>0</value>
				</transactionPricePerShare>
				<transactionAcquiredDisposedCode>
					<value>D</value>
				</transactionAcquiredDisposedCode>
			</transactionAmounts>
			<exerciseDate>
				<footnoteId id="F1"/>
			</exerciseDate>
			<expirationDate>
				<value>2003-10-09</value>
			</expirationDate>
			<underlyingSecurity>
				<underlyingSecurityTitle>
					<value>Common Stock</value>
				</underlyingSecurityTitle>
				<underlyingSecurityShares>
					<value>20109</value>
				</underlyingSecurityShares>
			</underlyingSecurity>
			<postTransactionAmounts>
				<sharesOwnedFollowingTransaction>
					<value>0</value>
				</sharesOwnedFollowingTransaction>
			</postTransactionAmounts>
			<ownershipNature>
				<directOrIndirectOwnership>
					<value>D</value>
				</directOrIndirectOwnership>
				<natureOfOwnership>
					<value/>
				</natureOfOwnership>
			</ownershipNature>
		</derivativeTransaction>
	</derivativeTable>
	<footnotes>
		<footnote id="F1">This option is currently exercisable</footnote>
	</footnotes>
	<remarks>
	</remarks>
	<ownerSignature>
		<signatureName>By: Lawrence A. Fox, by power of atty.</signatureName>
		<signatureDate>2003-10-07</signatureDate>
	</ownerSignature>
</ownershipDocument>