<?xml version="1.0"?>
<ownershipDocument>
    <schemaVersion>X0201</schemaVersion>

    <documentType>4</documentType>
	<periodOfReport>2003-09-30</periodOfReport>
	<notSubjectToSection16>0</notSubjectToSection16>
    <issuer>
        <issuerCik>0000078003</issuerCik>
        <issuerName>PFIZER INC</issuerName>
        <issuerTradingSymbol>PFE</issuerTradingSymbol>
	</issuer>
	<reportingOwner>
        <reportingOwnerId>
            <rptOwnerCik>0001174454</rptOwnerCik>
            <rptOwnerName>KINDLER JEFFREY B</rptOwnerName>
        </reportingOwnerId>
        <reportingOwnerAddress>
            <rptOwnerStreet1>PFIZER INC.    ATT:  CORPORATE SECRETARY</rptOwnerStreet1>
            <rptOwnerStreet2>235 EAST 42ND STREET</rptOwnerStreet2>
            <rptOwnerCity>NEW YORK</rptOwnerCity>
            <rptOwnerState>NY</rptOwnerState>
            <rptOwnerZipCode>10017</rptOwnerZipCode>
            <rptOwnerStateDescription></rptOwnerStateDescription>
        </reportingOwnerAddress>
            <reportingOwnerRelationship>
			<isDirector>0</isDirector>
			<isOfficer>1</isOfficer>
			<isTenPercentOwner>0</isTenPercentOwner>
			<isOther>0</isOther>
			<officerTitle>Senior Vice President</officerTitle>
		</reportingOwnerRelationship>
	</reportingOwner>
	<derivativeTable>
		<derivativeTransaction>
			<securityTitle>
				<value>Phantom Stock Units SSP</value>
			</securityTitle>
			<conversionOrExercisePrice>
				<footnoteId id="F1"/>
			</conversionOrExercisePrice>
			<transactionDate>
				<value>2003-09-30</value>
			</transactionDate>
			<deemedExecutionDate>
			</deemedExecutionDate>
			<transactionCoding>
				<transactionFormType>4</transactionFormType>
				<transactionCode>A</transactionCode>
				<equitySwapInvolved>0</equitySwapInvolved>
			</transactionCoding>
			<transactionAmounts>
				<transactionShares>
					<value>51</value>
				</transactionShares>
				<transactionPricePerShare>
					<value>30.38</value>
				</transactionPricePerShare>
				<transactionAcquiredDisposedCode>
					<value>A</value>
				</transactionAcquiredDisposedCode>
			</transactionAmounts>
			<exerciseDate>
				<footnoteId id="F2"/>
			</exerciseDate>
			<expirationDate>
				<footnoteId id="F2"/>
			</expirationDate>
			<underlyingSecurity>
				<underlyingSecurityTitle>
					<value>Common Stock</value>
				</underlyingSecurityTitle>
				<underlyingSecurityShares>
					<value>51</value>
				</underlyingSecurityShares>
			</underlyingSecurity>
			<postTransactionAmounts>
				<sharesOwnedFollowingTransaction>
					<value>1696</value>
				</sharesOwnedFollowingTransaction>
			</postTransactionAmounts>
			<ownershipNature>
				<directOrIndirectOwnership>
					<value>D</value>
				</directOrIndirectOwnership>
				<natureOfOwnership>
					<value/>
				</natureOfOwnership>
			</ownershipNature>
		</derivativeTransaction>
	</derivativeTable>
	<footnotes>
		<footnote id="F1">Each unit represents one phantom share of common stock.</footnote>
		<footnote id="F2">These units, which were acquired pursuant to the Pfizer Inc. Nonfunded Deferred Compensation and Supplemental Savings Plan, are settled in cash following the reporting person's separation from service.</footnote>
	</footnotes>
	<remarks>
	</remarks>
	<ownerSignature>
		<signatureName>By: Lawrence A. Fox, by power of atty.</signatureName>
		<signatureDate>2003-10-01</signatureDate>
	</ownerSignature>
</ownershipDocument>