<?xml version="1.0"?>
<ownershipDocument>
    <schemaVersion>X0101</schemaVersion>

    <documentType>4</documentType>
	<periodOfReport>2003-06-13</periodOfReport>
	<notSubjectToSection16>0</notSubjectToSection16>
    <issuer>
        <issuerCik>0000078003</issuerCik>
        <issuerName>PFIZER INC</issuerName>
        <issuerTradingSymbol>PFE</issuerTradingSymbol>
	</issuer>
	<reportingOwner>
		<reportingOwnerId>
            <rptOwnerCik>0001176311</rptOwnerCik>
            <rptOwnerName>HARDWICK CHARLES L</rptOwnerName>
        </reportingOwnerId>
        <reportingOwnerAddress>
            <rptOwnerStreet1>  </rptOwnerStreet1>
            <rptOwnerStreet2>  </rptOwnerStreet2>
            <rptOwnerCity>  </rptOwnerCity>
            <rptOwnerState>  </rptOwnerState>
            <rptOwnerZipCode>  </rptOwnerZipCode>
        </reportingOwnerAddress>
            <reportingOwnerRelationship>
			<isDirector>0</isDirector>
			<isOfficer>1</isOfficer>
			<isTenPercentOwner>0</isTenPercentOwner>
			<isOther>0</isOther>
			<officerTitle>Senior Vice President</officerTitle>
		</reportingOwnerRelationship>
	</reportingOwner>
	<derivativeSecurity>
		<securityTitle>
			<value>Phantom Stock Units SSP</value>
		</securityTitle>
		<conversionOrExercisePrice>
			<value>0.00</value>
			<footnoteId id="F1"/>
		</conversionOrExercisePrice>
		<transactionDate>
			<value>2003-06-13</value>
		</transactionDate>
		<transactionCoding>
			<transactionFormType>4</transactionFormType>
			<transactionCode>A</transactionCode>
			<equitySwapInvolved>0</equitySwapInvolved>
		</transactionCoding>
		<transactionAmounts>
			<transactionShares>
				<value>26</value>
			</transactionShares>
			<transactionValue>
				<value>33.08</value>
			</transactionValue>
			<transactionAcquiredDisposedCode>
				<value>A</value>
			</transactionAcquiredDisposedCode>
		</transactionAmounts>
		<exerciseDate>
			<value>1988-08-08</value>
			<footnoteId id="F2"/>
		</exerciseDate>
		<expirationDate>
			<value>1988-08-08</value>
			<footnoteId id="F2"/>
		</expirationDate>
		<underlyingSecurity>
			<underlyingSecurityTitle>
				<value>Common Stock</value>
			</underlyingSecurityTitle>
			<underlyingSecurityShares>
				<value>26</value>
			</underlyingSecurityShares>
		</underlyingSecurity>
		<postTransactionAmounts>
			<sharesOwnedFollowingTransaction>
				<value>3276</value>
			</sharesOwnedFollowingTransaction>
		</postTransactionAmounts>
		<ownershipNature>
			<directOrIndirectOwnership>
				<value>D</value>
			</directOrIndirectOwnership>
			<natureOfOwnership>
				<value/>
			</natureOfOwnership>
		</ownershipNature>
	</derivativeSecurity>
	<footnotes>
		<footnote id="F1">Each unit represents one phantom share of common stock.</footnote>
		<footnote id="F2">These units, which were acquired pursuant to the Pfizer Inc. Nonfunded Deferred Compensation and Supplemental Savings Plan, are settled in cash following the reporting person's separation from service.</footnote>
	</footnotes>
	<ownerSignature>
		<signatureName>By: Lawrence A. Fox, by power of atty.</signatureName>
		<signatureDate>2003-06-16</signatureDate>
	</ownerSignature>
</ownershipDocument>