<?xml version="1.0"?>
<ownershipDocument>
    <schemaVersion>X0201</schemaVersion>

    <documentType>4</documentType>
	<periodOfReport>2003-12-02</periodOfReport>
	<notSubjectToSection16>0</notSubjectToSection16>
    <issuer>
        <issuerCik>0000078003</issuerCik>
        <issuerName>PFIZER INC</issuerName>
        <issuerTradingSymbol>PFE</issuerTradingSymbol>
	</issuer>
	<reportingOwner>
        <reportingOwnerId>
            <rptOwnerCik>0001033870</rptOwnerCik>
            <rptOwnerName>STEERE WILLIAM C JR</rptOwnerName>
        </reportingOwnerId>
        <reportingOwnerAddress>
            <rptOwnerStreet1>PFIZER INC.    ATT:  CORPORATE SECRETARY</rptOwnerStreet1>
            <rptOwnerStreet2>235 EAST 42ND STREET</rptOwnerStreet2>
            <rptOwnerCity>NEW YORK</rptOwnerCity>
            <rptOwnerState>NY</rptOwnerState>
            <rptOwnerZipCode>10017</rptOwnerZipCode>
            <rptOwnerStateDescription></rptOwnerStateDescription>
        </reportingOwnerAddress>
            <reportingOwnerRelationship>
			<isDirector>1</isDirector>
			<isOfficer>0</isOfficer>
			<isTenPercentOwner>0</isTenPercentOwner>
			<isOther>0</isOther>
		</reportingOwnerRelationship>
	</reportingOwner>
	<nonDerivativeTable>
		<nonDerivativeTransaction>
			<securityTitle>
				<value>Common Stock</value>
			</securityTitle>
			<transactionDate>
				<value>2003-12-02</value>
			</transactionDate>
			<deemedExecutionDate>
			</deemedExecutionDate>
			<transactionCoding>
				<transactionFormType>5</transactionFormType>
				<transactionCode>G</transactionCode>
				<equitySwapInvolved>0</equitySwapInvolved>
			</transactionCoding>
			<transactionAmounts>
				<transactionShares>
					<value>50000</value>
				</transactionShares>
				<transactionPricePerShare>
					<value>0</value>
				</transactionPricePerShare>
				<transactionAcquiredDisposedCode>
					<value>D</value>
				</transactionAcquiredDisposedCode>
			</transactionAmounts>
			<postTransactionAmounts>
				<sharesOwnedFollowingTransaction>
					<value>1995470</value>
				</sharesOwnedFollowingTransaction>
			</postTransactionAmounts>
			<ownershipNature>
				<directOrIndirectOwnership>
					<value>D</value>
				</directOrIndirectOwnership>
				<natureOfOwnership>
					<value/>
				</natureOfOwnership>
			</ownershipNature>
		</nonDerivativeTransaction>
		<nonDerivativeHolding>
			<securityTitle>
				<value>Common Stock</value>
			</securityTitle>
			<postTransactionAmounts>
				<sharesOwnedFollowingTransaction>
					<value>279251</value>
				</sharesOwnedFollowingTransaction>
			</postTransactionAmounts>
			<ownershipNature>
				<directOrIndirectOwnership>
					<value>I</value>
				</directOrIndirectOwnership>
				<natureOfOwnership>
					<value>By Trusts</value>
					<footnoteId id="F1"/>
				</natureOfOwnership>
			</ownershipNature>
		</nonDerivativeHolding>
		<nonDerivativeHolding>
			<securityTitle>
				<value>Common Stock</value>
			</securityTitle>
			<postTransactionAmounts>
				<sharesOwnedFollowingTransaction>
					<value>4936</value>
				</sharesOwnedFollowingTransaction>
			</postTransactionAmounts>
			<ownershipNature>
				<directOrIndirectOwnership>
					<value>I</value>
				</directOrIndirectOwnership>
				<natureOfOwnership>
					<value>By Spouse</value>
					<footnoteId id="F1"/>
				</natureOfOwnership>
			</ownershipNature>
		</nonDerivativeHolding>
	</nonDerivativeTable>
	<footnotes>
		<footnote id="F1">I hereby disclaim beneficial ownership of all shares held by members of my family directly or through trusts.</footnote>
	</footnotes>
	<remarks>
	</remarks>
	<ownerSignature>
		<signatureName>By: Lawrence A. Fox, by power of atty.</signatureName>
		<signatureDate>2003-12-03</signatureDate>
	</ownerSignature>
</ownershipDocument>