<?xml version="1.0"?>

<ownershipDocument>

    <documentType>4</documentType>

    <periodOfReport>2003-05-21</periodOfReport>


    <notSubjectToSection16>0</notSubjectToSection16>

    <issuer>
        <issuerCik>0000078003</issuerCik>
        <issuerName>PFIZER INC</issuerName>
        <issuerTradingSymbol>PFE</issuerTradingSymbol>
    </issuer>

    <reportingOwner>
        <reportingOwnerId>
            <rptOwnerCik>0001174457</rptOwnerCik>
            <rptOwnerName>NORTON ROBERT W</rptOwnerName>
        </reportingOwnerId>
        <reportingOwnerAddress>
            <rptOwnerStreet1>  </rptOwnerStreet1>
            <rptOwnerStreet2>  </rptOwnerStreet2>
            <rptOwnerCity>  </rptOwnerCity>
            <rptOwnerState>  </rptOwnerState>
            <rptOwnerZipCode>  </rptOwnerZipCode>
        </reportingOwnerAddress>
        <reportingOwnerRelationship>
            <isDirector>0</isDirector>
            <isOfficer>1</isOfficer>
            <isTenPercentOwner>0</isTenPercentOwner>
            <isOther>0</isOther>
            <officerTitle>senior vice president</officerTitle>
        </reportingOwnerRelationship>
    </reportingOwner>

    <nonDerivativeSecurity>
        <securityTitle>
            <value>common stock</value>
        </securityTitle>
        <transactionDate>
            <value>2003-05-21</value>
        </transactionDate>
        <transactionCoding>
            <transactionFormType>5</transactionFormType>
            <transactionCode>G</transactionCode>
            <equitySwapInvolved>0</equitySwapInvolved>
        </transactionCoding>
        <transactionTimeliness>
            <value>E</value>
        </transactionTimeliness>
        <transactionAmounts>
            <transactionShares>
                <value>1100</value>
            </transactionShares>
            <transactionValue>
                <value>0</value>
            </transactionValue>
            <transactionAcquiredDisposedCode>
                <value>D</value>
            </transactionAcquiredDisposedCode>
        </transactionAmounts>
        <postTransactionAmounts>
            <sharesOwnedFollowingTransaction>
                <value>248807</value>
                <footnoteId id="F1"/>
            </sharesOwnedFollowingTransaction>
        </postTransactionAmounts>
        <ownershipNature>
            <directOrIndirectOwnership>
                <value>D</value>
            </directOrIndirectOwnership>
        </ownershipNature>
    </nonDerivativeSecurity>

    <footnotes>
        <footnote id="F1">In addition, the reporting person owns 43,185 shares indirectly through the Pfizer Savings Plan.</footnote>
    </footnotes>

    <ownerSignature>
        <signatureName>Lawrence A. Fox, by power of atty.</signatureName>
        <signatureDate>2003-05-23</signatureDate>
    </ownerSignature>

</ownershipDocument>