<?xml version="1.0"?>
<ownershipDocument>

    <schemaVersion>X0201</schemaVersion>

    <documentType>4</documentType>

    <periodOfReport>2004-02-13</periodOfReport>

    <notSubjectToSection16>0</notSubjectToSection16>

    <issuer>
        <issuerCik>0000078003</issuerCik>
        <issuerName>PFIZER INC</issuerName>
        <issuerTradingSymbol>PFE</issuerTradingSymbol>
    </issuer>

    <reportingOwner>
        <reportingOwnerId>
            <rptOwnerCik>0001174453</rptOwnerCik>
            <rptOwnerName>MCKINNELL HENRY A</rptOwnerName>
        </reportingOwnerId>
        <reportingOwnerAddress>
            <rptOwnerStreet1>PFIZER INC.    ATT:  CORPORATE SECRETARY</rptOwnerStreet1>
            <rptOwnerStreet2>235 EAST 42ND STREET</rptOwnerStreet2>
            <rptOwnerCity>NEW YORK</rptOwnerCity>
            <rptOwnerState>NY</rptOwnerState>
            <rptOwnerZipCode>10017</rptOwnerZipCode>
            <rptOwnerStateDescription></rptOwnerStateDescription>
        </reportingOwnerAddress>
        <reportingOwnerRelationship>
            <isDirector>1</isDirector>
            <isOfficer>1</isOfficer>
            <isTenPercentOwner>0</isTenPercentOwner>
            <isOther>0</isOther>
            <officerTitle>Chairman and CEO</officerTitle>
        </reportingOwnerRelationship>
    </reportingOwner>

    <derivativeTable>
        <derivativeTransaction>
            <securityTitle>
                <value>Phantom Stock Units SSP</value>
            </securityTitle>
            <conversionOrExercisePrice>
                <footnoteId id="F1"/>
            </conversionOrExercisePrice>
            <transactionDate>
                <value>2004-02-13</value>
            </transactionDate>
            <deemedExecutionDate></deemedExecutionDate>
            <transactionCoding>
                <transactionFormType>4</transactionFormType>
                <transactionCode>A</transactionCode>
                <equitySwapInvolved>0</equitySwapInvolved>
            </transactionCoding>
            <transactionAmounts>
                <transactionShares>
                    <value>60</value>
                </transactionShares>
                <transactionPricePerShare>
                    <value>37.38</value>
                </transactionPricePerShare>
                <transactionAcquiredDisposedCode>
                    <value>A</value>
                </transactionAcquiredDisposedCode>
            </transactionAmounts>
            <exerciseDate>
                <footnoteId id="F2"/>
            </exerciseDate>
            <expirationDate>
                <footnoteId id="F2"/>
            </expirationDate>
            <underlyingSecurity>
                <underlyingSecurityTitle>
                    <value>Common Stock</value>
                </underlyingSecurityTitle>
                <underlyingSecurityShares>
                    <value>60</value>
                </underlyingSecurityShares>
            </underlyingSecurity>
            <postTransactionAmounts>
                <sharesOwnedFollowingTransaction>
                    <value>63037</value>
                </sharesOwnedFollowingTransaction>
            </postTransactionAmounts>
            <ownershipNature>
                <directOrIndirectOwnership>
                    <value>D</value>
                </directOrIndirectOwnership>
                <natureOfOwnership>
                    <value></value>
                </natureOfOwnership>
            </ownershipNature>
        </derivativeTransaction>
    </derivativeTable>

    <footnotes>
        <footnote id="F1">Each unit represents one phantom share of common stock.</footnote>
        <footnote id="F2">These units (as well as various additional units received as dividend equivalents), which were acquired pursuant to the Pfizer Inc. Nonfunded Deferred Compensation and Supplemental Savings Plan, are settled in cash following the reporting person's separation from service.</footnote>
    </footnotes>

    <remarks></remarks>

    <ownerSignature>
        <signatureName>By: Lawrence A. Fox, by power of atty.</signatureName>
        <signatureDate>2004-02-17</signatureDate>
    </ownerSignature>
</ownershipDocument>